Workbook

Sheet Sheet1
A1: BODY | O1: Contraint
A2: Name | B2: Parent | C2: POS | D2: Joint | G2: Geom | K2: Site | O2: Type | P2: Site1 | Q2: Site2
D3: Type | E3: Axis | F3: Damping | G3: Type | H3: Size | I3: Mass | J3: Friction | K3: Name | L3: POS | O3: connect | P3: link2_end | Q3: link3_end
A4: link1 | B4: world | C4: 0 0 0 | D4: hinge | E4: 0 0 1 | G4: capsule | H4: 0 0 0 0 1 0
A5: link2 | B5: link1 | C5: 0 1 0 | D5: hinge | E5: 0 0 1 | G5: capsule | H5: 0 0 0 2 0 0 | K5: link2_end | L5: 2 0 0
A6: link3 | B6: world | C6: 2 0 0 | D6: hinge | E6: 0 0 1 | G6: capsule | H6: 0 0 0 0 1 0 | K6: link3_end | L6: 0 1 0
A7: link4 | B7: world | C7: 3 0 0 | D7: hinge | E7: 0 0 1 | G7: capsule | H7: 0 0 0 0 2 0
A8: link5 | B8: link4 | C8: 0 2 0 | D8: hinge | E8: 0 0 1 | G8: capsule | H8: 0 0 0 -2.5 0 0 | K8: link5_end | L8: -2.5 0 0

Sheet Sheet2
A1: world | C1: hinge | E1: capsule | G1: connect | I1: =IF(Sheet1!K4<>0,Sheet1!K4," ")
A2: =IF(Sheet1!A4<>0,Sheet1!A4," ") -> link1 | C2: slide | E2: box | G2: weld | I2: =IF(Sheet1!K5<>0,Sheet1!K5," ") -> link2_end
A3: =IF(Sheet1!A5<>0,Sheet1!A5," ") -> link2 | C3: ball | E3: sphere | I3: =IF(Sheet1!K6<>0,Sheet1!K6," ") -> link3_end
A4: =IF(Sheet1!A6<>0,Sheet1!A6," ") -> link3 | C4: free | E4: cylinder | I4: =IF(Sheet1!K7<>0,Sheet1!K7," ")
A5: =IF(Sheet1!A7<>0,Sheet1!A7," ") -> link4 | I5: =IF(Sheet1!K8<>0,Sheet1!K8," ") -> link5_end
A6: =IF(Sheet1!A8<>0,Sheet1!A8," ") -> link5 | I6: =IF(Sheet1!K9<>0,Sheet1!K9," ")
A7: =IF(Sheet1!A9<>0,Sheet1!A9," ") | I7: =IF(Sheet1!K10<>0,Sheet1!K10," ")
A8: =IF(Sheet1!A10<>0,Sheet1!A10," ") | I8: =IF(Sheet1!K11<>0,Sheet1!K11," ")
A9: =IF(Sheet1!A11<>0,Sheet1!A11," ") | I9: =IF(Sheet1!K12<>0,Sheet1!K12," ")
A10: =IF(Sheet1!A12<>0,Sheet1!A12," ") | I10: =IF(Sheet1!K13<>0,Sheet1!K13," ")
A11: =IF(Sheet1!A13<>0,Sheet1!A13," ") | I11: =IF(Sheet1!K14<>0,Sheet1!K14," ")
A12: =IF(Sheet1!A14<>0,Sheet1!A14," ") | I12: =IF(Sheet1!K15<>0,Sheet1!K15," ")
A13: =IF(Sheet1!A15<>0,Sheet1!A15," ") | I13: =IF(Sheet1!K16<>0,Sheet1!K16," ")
A14: =IF(Sheet1!A16<>0,Sheet1!A16," ") | I14: =IF(Sheet1!K17<>0,Sheet1!K17," ")
A15: =IF(Sheet1!A17<>0,Sheet1!A17," ") | I15: =IF(Sheet1!K18<>0,Sheet1!K18," ")
A16: =IF(Sheet1!A18<>0,Sheet1!A18," ") | I16: =IF(Sheet1!K19<>0,Sheet1!K19," ")
... A21: =IF(Sheet1!A23<>0,Sheet1!A23," ") | I21: =IF(Sheet1!K24<>0,Sheet1!K24," ")
A22: =IF(Sheet1!A24<>0,Sheet1!A24," ")
A23: =IF(Sheet1!A25<>0,Sheet1!A25," ")
A24: =IF(Sheet1!A26<>0,Sheet1!A26," ")
A25: =IF(Sheet1!A27<>0,Sheet1!A27," ")
A26: =IF(Sheet1!A28<>0,Sheet1!A28," ")
A27: =IF(Sheet1!A29<>0,Sheet1!A29," ")
A28: =IF(Sheet1!A30<>0,Sheet1!A30," ")
A29: =IF(Sheet1!A31<>0,Sheet1!A31," ")
A30: =IF(Sheet1!A32<>0,Sheet1!A32," ")
A31: =IF(Sheet1!A33<>0,Sheet1!A33," ")
A32: =IF(Sheet1!A34<>0,Sheet1!A34," ")
A33: =IF(Sheet1!A35<>0,Sheet1!A35," ")
... A308: =IF(Sheet1!A310<>0,Sheet1!A310," ")
